Sample,Total Purity Filtered Reads Sequenced,rRNA,Mapped,Unique Rate of Mapped,Intragenic Rate,Note,Mapped Unique,Intergenic Rate,End 1 Sense,Genes Detected,Num. Gaps,Mean CV,End 1 Mapping Rate,End 2 Mapping Rate,Mapped Pairs,End 1 Mismatch Rate,Estimated Library Size,5' Norm,Failed Vendor QC Check,End 2 Sense,Mapping Rate,Fragment Length Mean,Duplication Rate of Mapped,rRNA rate,Intronic Rate,Read Length,Transcripts Detected,End 1 Antisense,Gap %,Expression Profiling Efficiency,End 1 % Sense,Unpaired Reads,Cumul. Gap Length,No. Covered 5',Alternative Aligments,Chimeric Pairs,End 2 Mismatch Rate,Fragment Length StdDev,Mapped Unique Rate of Total,Exonic Rate,End 2 % Sense,Sample,Base Mismatch Rate,End 2 Antisense,Mean Per Base Cov.
R146fs_3,68500550,0,68500550,0.61570054,0.9544013,rnaseqcrun ,42175828,0.044666793,792737,15478,760,0.6058079,1.0,1.0,34219295,0.0011187405,32210047,0.33121198,0,30321819,1.0,341,0.38429943,0.0,0.085350245,150,121202,30301360,0.04275386,0.86905104,2.5494773,0,79525,865,0,0,0.0010783522,326,0.61570054,0.86905104,97.4643,R146fs_3,0.0010985467,788875,68.3403
M143Vhom_3,68426272,0,68426272,0.7032678,0.94836706,rnaseqcrun ,48121996,0.050681148,386421,15325,587,0.57153976,1.0,1.0,34181858,0.0010987129,45569512,0.3512392,0,30489313,1.0,337,0.29673216,0.0,0.094934195,150,119907,30466077,0.03362032,0.85343283,1.2524788,0,61410,879,0,0,0.0011472488,324,0.7032678,0.85343283,98.76106,M143Vhom_3,0.0011229778,382482,75.815765
hetdel_6,53123174,0,53123174,0.71230096,0.9502727,rnaseqcrun ,37839686,0.048822872,299301,15251,709,0.58279955,1.0,1.0,26538285,0.0011103565,36802631,0.3435115,0,23727905,1.0,229,0.28769907,0.0,0.087975785,150,119420,23709144,0.040250193,0.86229694,1.2466489,0,69814,867,0,0,0.001165503,225,0.71230096,0.86229694,98.766525,hetdel_6,0.0011379303,296332,59.113785
S21wt_3,77843320,0,77843320,0.67576534,0.9520233,rnaseqcrun ,52603816,0.047062382,546124,15676,685,0.6099058,1.0,1.0,38887288,0.00111638,46189962,0.32068074,0,34738226,1.0,352,0.3242347,0.0,0.09128411,150,122105,34709232,0.037896767,0.86073923,1.5490526,0,70593,866,0,2,0.0010861297,332,0.67576534,0.86073923,98.465096,S21wt_3,0.0011012545,541509,83.68748
delwt_3,76940036,0,76940036,0.66379976,0.9515567,rnaseqcrun ,51072774,0.047511898,365301,15735,633,0.5932698,1.0,1.0,38435591,0.0010124113,43503605,0.3820043,0,34465450,1.0,388,0.3362003,0.0,0.07630066,150,122587,34425848,0.03660775,0.875256,1.0499825,0,65375,888,0,1,0.001074619,346,0.66379976,0.875256,98.966034,delwt_3,0.0010435123,360082,81.858665
C54wt_2,57341140,0,57341140,0.7323098,0.9560549,rnaseqcrun ,41991482,0.043060917,264850,15418,816,0.619189,1.0,1.0,28646128,0.0010797618,43494093,0.34705833,0,25841504,1.0,250,0.26769015,0.0,0.083634734,150,120391,25822394,0.05192696,0.8724202,1.0152471,0,94345,834,0,0,0.0010992363,230,0.7323098,0.8724202,98.99771,C54wt_2,0.0010894987,261630,65.17194
C54wt_6,53858352,0,53858352,0.71425074,0.950719,rnaseqcrun ,38468366,0.048373446,271412,15297,736,0.5955182,1.0,1.0,26905431,0.0011076173,37635454,0.33408394,0,24110477,1.0,232,0.2857493,0.0,0.08533629,150,119457,24093836,0.049341656,0.86538273,1.1139308,0,86359,852,0,0,0.0011465,230,0.71425074,0.86538273,98.89819,C54wt_6,0.0011270586,268612,60.085518
NA_2,73317882,0,73317882,0.69158226,0.9556526,rnaseqcrun ,50705346,0.04343452,343396,15510,620,0.6114636,1.0,1.0,36626800,0.0010760194,46451935,0.34437224,0,33005615,1.0,352,0.30841777,0.0,0.08013532,150,120985,32979818,0.034242965,0.87551725,1.0305009,0,61631,885,0,0,0.0011456555,328,0.69158226,0.87551725,98.98406,NA_2,0.001110834,338762,84.52632
N12K_3,50437020,0,50437020,0.6735675,0.9517027,rnaseqcrun ,33972736,0.047324546,740497,15389,789,0.60108376,1.0,1.0,25194691,0.0011652961,29661364,0.33291703,0,22111678,1.0,200,0.32643253,0.0,0.092243716,150,119998,22097139,0.041607015,0.85945904,3.2424414,0,75214,867,0,0,0.0011236339,210,0.6735675,0.85945904,96.77001,N12K_3,0.0011444653,738043,53.29683
C54Y_5,91041378,0,91041378,0.6959786,0.95497763,rnaseqcrun ,63362848,0.044089876,438252,15617,630,0.59865034,1.0,1.0,45479814,0.001076306,58764478,0.33411908,0,40975861,1.0,386,0.30402145,0.0,0.08342845,150,122055,40944441,0.036202557,0.8715492,1.0590224,0,67776,866,0,0,0.0011421483,356,0.6959786,0.8715492,98.955345,C54Y_5,0.0011092189,432576,105.25029
S21Thom_2,91084610,0,91084610,0.654141,0.9529635,rnaseqcrun ,59582178,0.0461319,1047849,15814,614,0.58848774,1.0,1.0,45502474,0.0011338297,49571875,0.34701166,0,40246722,1.0,373,0.34585902,0.0,0.088712916,150,123244,40214536,0.02942658,0.86425054,2.5394776,0,56257,885,0,4,0.0011063522,345,0.654141,0.86425054,97.47512,S21Thom_2,0.0011200879,1042503,96.41542
NA_1,53518378,0,53518378,0.7206893,0.9537613,rnaseqcrun ,38570118,0.045329347,265723,15368,734,0.5859271,1.0,1.0,26735524,0.0011348131,38490802,0.32336146,0,24031977,1.0,230,0.2793108,0.0,0.08508306,150,119670,24016139,0.047642943,0.8686782,1.0943271,0,87915,858,0,0,0.0011420473,218,0.7206893,0.8686782,98.91741,NA_1,0.0011384303,263016,60.96512
M143wt_1,64142684,0,64142684,0.7180889,0.94933975,rnaseqcrun ,46060150,0.04970952,358486,15307,691,0.6003965,1.0,1.0,32041940,0.001105515,45595765,0.33259672,0,28606492,1.0,296,0.2819111,0.0,0.09004417,150,119643,28584628,0.033657685,0.85929555,1.2385882,0,65468,876,0,0,0.0011651062,274,0.7180889,0.85929555,98.773834,M143wt_1,0.001135307,355118,73.25598
M143wt_5,49628310,0,49628310,0.7169197,0.95343393,rnaseqcrun ,35579516,0.04567649,231594,15166,820,0.5857603,1.0,1.0,24792944,0.0010932082,35094181,0.32082662,0,22300977,1.0,204,0.28308022,0.0,0.08150005,150,118518,22284083,0.043435372,0.8719338,1.0285901,0,84282,841,0,0,0.0011326921,211,0.7169197,0.8719338,98.98408,M143wt_5,0.0011129484,228885,55.97617
C54wt_1,65466538,0,65466538,0.7253342,0.9550923,rnaseqcrun ,47485120,0.044012915,313745,15578,699,0.5812546,1.0,1.0,32705062,0.0010867292,48086848,0.35825223,0,29469763,1.0,299,0.2746658,0.0,0.08695618,150,121508,29449020,0.037685264,0.8681361,1.0541527,0,69354,876,0,0,0.0011442378,267,0.7253342,0.8681361,98.95936,C54wt_1,0.0011154752,309900,74.68503
C54Y_6,83596256,0,83596256,0.6984014,0.9560465,rnaseqcrun ,58383746,0.04303243,384847,15617,620,0.57140064,1.0,1.0,41760885,0.0010705938,54519337,0.34167457,0,37676122,1.0,370,0.30159855,0.0,0.07906892,150,121818,37649843,0.034637168,0.87697756,1.0118316,0,61944,896,0,0,0.0011157932,339,0.6984014,0.87697756,99.00011,C54Y_6,0.0010931898,380521,96.92356
S21Thom_3,56270406,0,56270406,0.6820593,0.9541411,rnaseqcrun ,38379756,0.044950467,640098,15498,736,0.5989135,1.0,1.0,28110418,0.0011305434,34262909,0.36111987,0,24902480,1.0,243,0.31794065,0.0,0.08739624,150,120874,24883206,0.039995722,0.8667449,2.5078964,0,69555,877,0,0,0.0011085634,238,0.6820593,0.8667449,97.50704,S21Thom_3,0.0011195517,636681,61.100677
C54wt_5,61941862,0,61941862,0.70117235,0.9562454,rnaseqcrun ,43431924,0.042811967,283193,15377,738,0.59997207,1.0,1.0,30942654,0.0011076798,40879946,0.36867923,0,27920737,1.0,286,0.2988276,0.0,0.07899977,150,120345,27903196,0.04453827,0.87724566,1.0047154,0,73325,889,0,0,0.001125133,275,0.70117235,0.87724566,99.00572,C54wt_5,0.0011164056,280398,70.47364
N12wt_2,52235404,0,52235404,0.6742034,0.95264477,rnaseqcrun ,35217290,0.04642405,608647,15375,770,0.6178836,1.0,1.0,26094226,0.0011010639,30798461,0.3648766,0,23092370,1.0,213,0.32579654,0.0,0.0916308,150,119890,23074931,0.049396932,0.86101395,2.5699115,0,89134,857,0,0,0.001128214,214,0.6742034,0.86101395,97.445274,N12wt_2,0.0011146372,605415,55.304405
R146wt_4,59408752,0,59408752,0.65421623,0.9529829,rnaseqcrun ,38866166,0.046062574,322047,15490,779,0.6160759,1.0,1.0,29676885,0.0011381076,32342139,0.3407526,0,26623991,1.0,262,0.34578383,0.0,0.085702896,150,120899,26604182,0.04232094,0.86727995,1.1960346,0,80359,841,0,0,0.001123013,246,0.65421623,0.86727995,98.81644,R146wt_4,0.001130561,318887,61.35742
S21Thet_5,84642016,0,84642016,0.67546,0.95156753,rnaseqcrun ,57172292,0.047530238,856381,15781,607,0.57474893,1.0,1.0,42284166,0.0011328993,50161618,0.3277222,0,37486036,1.0,359,0.32454005,0.0,0.09700747,150,122766,37459529,0.0309178,0.85455996,2.235053,0,55138,884,0,0,0.0011164912,336,0.67546,0.85455996,97.77941,S21Thet_5,0.0011246955,851314,91.695206
P26wt_3,61213028,0,61213028,0.6302848,0.9486707,rnaseqcrun ,38581638,0.050450027,954098,15572,832,0.6101626,1.0,1.0,30580371,0.0011355379,30394900,0.37685594,0,26648249,1.0,276,0.36971524,0.0,0.09514757,150,120725,26630727,0.0464207,0.8535231,3.4587786,0,89033,869,0,0,0.001117253,265,0.6302848,0.8535231,96.552155,P26wt_3,0.0011263958,951600,60.726776
P26R_4,75012256,0,75012256,0.65438,0.95639807,rnaseqcrun ,49086522,0.042644016,725127,15526,714,0.5960241,1.0,1.0,37471747,0.0011098533,40862936,0.33562115,0,33432725,1.0,357,0.34561998,0.0,0.0780563,150,121304,33403640,0.040422555,0.87834173,2.1246798,0,78994,868,0,2,0.0011401603,332,0.65438,0.87834173,97.893845,P26R_4,0.001125003,719295,82.96521
hetdel_4,58966244,0,58966244,0.7268045,0.9481176,rnaseqcrun ,42856932,0.050971076,339901,15350,709,0.5892324,1.0,1.0,29457220,0.0011053184,43604439,0.32335708,0,26273148,1.0,264,0.2731955,0.0,0.08568955,150,120154,26252018,0.039727755,0.86242807,1.2782116,0,72893,863,0,0,0.0011951609,243,0.7268045,0.86242807,98.73713,hetdel_4,0.0011502266,336038,68.26715
M143wt_6,82075070,0,82075070,0.70413876,0.94937474,rnaseqcrun ,57792238,0.049702644,457961,15575,572,0.59076184,1.0,1.0,41001145,0.0011009614,54865565,0.34764868,0,36638300,1.0,359,0.29586124,0.0,0.10008213,150,121301,36610584,0.02933667,0.84929264,1.2354437,0,55842,887,0,6,0.0011289095,332,0.70413876,0.84929264,98.77921,M143wt_6,0.0011149332,452804,89.07531
hetdel_2,71858716,0,71858716,0.71170956,0.9499158,rnaseqcrun ,51142534,0.04913096,382620,15631,661,0.58952165,1.0,1.0,35896463,0.0011190773,49652445,0.3230143,0,32135349,1.0,352,0.28829044,0.0,0.09084721,150,121951,32108319,0.030051101,0.85906863,1.1776206,0,57867,875,0,0,0.0011489206,326,0.71170956,0.85906863,98.8379,hetdel_2,0.0011339978,377836,81.40183
M143Vhet_1,76980152,0,76980152,0.69086015,0.9535262,rnaseqcrun ,53182518,0.045515485,404996,15575,635,0.6000217,1.0,1.0,38454158,0.0011103428,48624199,0.3485824,0,34539369,1.0,350,0.30913988,0.0,0.08102087,150,121572,34517625,0.037288934,0.8725053,1.1596954,0,65633,887,0,0,0.0011578389,332,0.69086015,0.8725053,98.85147,M143Vhet_1,0.0011340865,401301,86.87428
R146wt_1,63832658,0,63832658,0.6682833,0.9533055,rnaseqcrun ,42658296,0.0457513,380053,15515,719,0.60566854,1.0,1.0,31887586,0.001111633,36746151,0.31817874,0,28591470,1.0,290,0.33171678,0.0,0.08542034,150,121242,28566369,0.041281853,0.8678851,1.3129532,0,74969,856,0,1,0.0010768155,275,0.6682833,0.8678851,98.70534,R146wt_1,0.0010942257,375018,70.28686
M143Vhet_4,60795538,0,60795538,0.7167646,0.95268536,rnaseqcrun ,43576090,0.046421107,294115,15295,721,0.5966451,1.0,1.0,30371628,0.0010935081,42961196,0.33772394,0,27272646,1.0,278,0.2832354,0.0,0.08084531,150,119896,27251065,0.041150667,0.87184,1.0677549,0,77174,865,0,0,0.0011848718,269,0.7167646,0.87184,98.94481,M143Vhet_4,0.0011391788,290845,70.16338
NA_6,69607242,0,69607242,0.6865342,0.9525901,rnaseqcrun ,47787754,0.04648008,334488,15373,649,0.6174388,1.0,1.0,34772755,0.0010644894,43177914,0.31977397,0,31217417,1.0,346,0.31346577,0.0,0.079003766,150,120196,31184257,0.034984313,0.87358636,1.0612352,0,66707,855,0,0,0.0010777017,328,0.6865342,0.87358636,98.95859,NA_6,0.001071095,328524,78.54532
S21wt_5,70776108,0,70776108,0.654712,0.95531225,rnaseqcrun ,46337972,0.043744676,388515,15544,715,0.61201984,1.0,1.0,35355981,0.0011188642,38605544,0.32052377,0,31778291,1.0,328,0.34528792,0.0,0.0870548,150,121330,31752404,0.044161994,0.86825746,1.2087861,0,79942,885,0,0,0.0010811758,277,0.654712,0.86825746,98.80563,S21wt_5,0.0011000201,384138,76.80943
C54Y_4,61487206,0,61487206,0.722817,0.9526888,rnaseqcrun ,44444000,0.046367694,300907,15306,693,0.59292483,1.0,1.0,30715312,0.0011005049,44649644,0.36302578,0,27584695,1.0,288,0.27718297,0.0,0.08004873,150,119771,27569391,0.038958702,0.87264013,1.0796691,0,73609,877,0,0,0.0010969276,271,0.722817,0.87264013,98.930275,C54Y_4,0.0010987162,298273,71.53402
NA_5,45049904,0,45049904,0.7417048,0.94800484,rnaseqcrun ,33413732,0.051041596,244250,15187,807,0.6051283,1.0,1.0,22504395,0.0011009854,35717552,0.31127074,0,20093196,1.0,184,0.25829515,0.0,0.09233731,150,118716,20075771,0.045836937,0.85566753,1.2020166,0,84682,833,0,0,0.0011569946,196,0.7417048,0.85566753,98.81509,NA_5,0.0011289881,240942,52.150352
R146wt_2,87327490,0,87327490,0.64049083,0.95359594,rnaseqcrun ,55932454,0.04542329,446689,15747,662,0.6147261,1.0,1.0,43622452,0.001119962,45078077,0.332853,0,39211095,1.0,372,0.3595092,0.0,0.082009405,150,123049,39182248,0.04164215,0.87158644,1.1271789,0,75800,861,0,0,0.0011221772,343,0.64049083,0.87158644,98.88676,R146wt_2,0.0011210697,441430,93.65151
C54wt_3,47870904,0,47870904,0.69486153,0.86263454,rnaseqcrun ,33263650,0.13641219,260340,15322,734,0.6031797,1.0,1.0,23913190,0.0012151168,30752951,0.37287167,0,19410817,1.0,169,0.30513847,0.0,0.097163804,150,119253,19398202,0.04471036,0.76547074,1.3243098,0,76659,879,0,0,0.0013082279,183,0.69486153,0.76547074,98.68981,C54wt_3,0.0012616699,257693,51.14804
N12wt_1,58099170,0,58099170,0.7049059,0.9512722,rnaseqcrun ,40954450,0.047782335,548835,15399,669,0.5989778,1.0,1.0,29023606,0.001149069,38967571,0.34028298,0,25792384,1.0,234,0.29509407,0.0,0.10263968,150,120120,25769456,0.03560117,0.8486325,2.0853746,0,64306,875,0,0,0.0011165477,224,0.7049059,0.8486325,97.93278,N12wt_1,0.0011328098,544439,66.764984
delwt_4,75463710,0,75463710,0.69347554,0.9492061,rnaseqcrun ,52332238,0.04987478,400574,15528,588,0.57900816,1.0,1.0,37699086,0.001056968,48195135,0.322508,0,33719399,1.0,380,0.30652443,0.0,0.086377345,150,120989,33679142,0.032898508,0.8628288,1.175403,0,60598,879,0,0,0.001147762,338,0.69347554,0.8628288,98.84757,delwt_4,0.0011023557,393126,84.8892
M143Vhom_1,57098220,0,57098220,0.71811914,0.9456427,rnaseqcrun ,41003324,0.053418513,321000,15159,633,0.59187776,1.0,1.0,28523467,0.0010923186,40593711,0.37899822,0,25374912,1.0,245,0.2818809,0.0,0.093090765,150,118486,25354785,0.035792936,0.852552,1.2502053,0,63404,877,0,0,0.001212011,236,0.71811914,0.852552,98.76456,M143Vhom_1,0.0011521454,317414,64.74252
M143Vhet_3,65962630,0,65962630,0.7155205,0.9486967,rnaseqcrun ,47197618,0.05034202,371126,15345,690,0.5927857,1.0,1.0,32950795,0.0011163009,46354672,0.29934272,0,29403423,1.0,306,0.28447944,0.0,0.09520398,150,119856,29378294,0.035074666,0.8534927,1.2475066,0,66944,876,0,0,0.001137442,271,0.7155205,0.8534927,98.76783,M143Vhet_3,0.0011268702,366819,74.733086
S21Thet_6,72448936,0,72448936,0.65290445,0.9503405,rnaseqcrun ,47302234,0.0487387,793024,15635,709,0.608808,1.0,1.0,36192152,0.0011530507,39239143,0.33329135,0,31974623,1.0,350,0.34709552,0.0,0.08815157,150,121861,31951380,0.036664356,0.86218894,2.4218612,0,68946,863,0,0,0.0011361093,335,0.65290445,0.86218894,97.59192,S21Thet_6,0.0011445788,788977,76.36967
S21Thet_4,76083328,0,76083328,0.6897933,0.94974256,rnaseqcrun ,52481768,0.049364112,990249,15507,671,0.59405,1.0,1.0,38008913,0.0011369494,47842786,0.36305404,0,33418649,1.0,349,0.3102067,0.0,0.097640775,150,120881,33392796,0.033774894,0.8521018,2.8800502,0,64162,889,0,0,0.0011224183,330,0.6897933,0.8521018,97.13645,S21Thet_4,0.0011296838,985169,82.33544
M143Vhom_5,59975736,0,59975736,0.7269836,0.94973475,rnaseqcrun ,43601374,0.049288217,321537,15299,716,0.61980736,1.0,1.0,29959523,0.0011364347,44387351,0.33689854,0,26802310,1.0,270,0.27301645,0.0,0.08761113,150,119729,26780442,0.039294813,0.86212355,1.1863967,0,71229,860,0,0,0.0011418227,236,0.7269836,0.86212355,98.82738,M143Vhom_5,0.0011391286,318017,69.24459
P26wt_1,73487238,0,73487238,0.660538,0.95267445,rnaseqcrun ,48541116,0.046419747,938430,15656,692,0.6011329,1.0,1.0,36711430,0.0011289194,41015993,0.355104,0,32393680,1.0,345,0.33946195,0.0,0.0923948,150,121986,32370590,0.033899035,0.8602796,2.817345,0,63741,886,0,0,0.0011266115,329,0.660538,0.8602796,97.1961,P26wt_1,0.0011277654,934489,75.89876
delwt_6,59769294,0,59769294,0.7059867,0.95483947,rnaseqcrun ,42196326,0.044200957,283240,15351,741,0.588992,1.0,1.0,29856892,0.0011011737,40276458,0.33259362,0,26884972,1.0,269,0.2940133,0.0,0.082052045,150,119968,26865806,0.042053286,0.8727875,1.0432779,0,73457,866,0,0,0.0011901796,245,0.7059867,0.8727875,98.96862,delwt_6,0.001145664,280175,68.80699
hetdel_5,65549294,0,65549294,0.6970514,0.9555842,rnaseqcrun ,45691228,0.043488644,349061,15549,726,0.6076098,1.0,1.0,32745219,0.001097022,42503846,0.307843,0,29478241,1.0,307,0.30294856,0.0,0.07721506,150,121243,29457933,0.040685814,0.8783691,1.1710708,0,72483,860,0,0,0.0011428001,276,0.6970514,0.8783691,98.840645,hetdel_5,0.0011199088,345767,75.09519
S21wt_1,66993586,0,66993586,0.68702626,0.95202285,rnaseqcrun ,46026350,0.0470394,689557,15612,729,0.6203424,1.0,1.0,33466373,0.00110996,41641993,0.33027017,0,29653762,1.0,322,0.3129738,0.0,0.09216024,150,121612,29631993,0.043748938,0.8598626,2.2741482,0,81475,862,0,0,0.0010900355,272,0.68702626,0.8598626,97.73889,S21wt_1,0.0010999974,686016,73.19352
N12wt_4,70361026,0,70361026,0.6358069,0.9528288,rnaseqcrun ,44736024,0.04621823,728074,15670,682,0.5932142,1.0,1.0,35148263,0.0011184964,35676117,0.31800672,0,31197548,1.0,340,0.36419314,0.0,0.09401199,150,122175,31176294,0.038237832,0.85881686,2.282051,0,67333,868,0,0,0.0011620449,324,0.6358069,0.85881686,97.73152,N12wt_4,0.0011402686,724136,72.114586
S21wt_4,69057958,0,69057958,0.65052277,0.9529764,rnaseqcrun ,44923774,0.046107285,623514,15510,747,0.61610174,1.0,1.0,34498140,0.001140744,37056410,0.30825904,0,30682253,1.0,335,0.34947723,0.0,0.09098673,150,120733,30660470,0.039543066,0.86198974,1.9930774,0,75113,845,0,0,0.0011167189,325,0.65052277,0.86198974,98.0189,S21wt_4,0.001128731,620130,71.101616
R146fs_4,80309106,0,80309106,0.5784375,0.9564943,rnaseqcrun ,46453796,0.04254895,479897,15574,706,0.586485,1.0,1.0,40117502,0.0011176802,33001964,0.33496928,0,36062916,1.0,355,0.42156255,0.0,0.07960858,150,121603,36040507,0.04153259,0.8768858,1.3140517,0,76591,867,0,0,0.0010790477,335,0.5784375,0.8768858,98.69699,R146fs_4,0.0010983646,476109,75.73023
P26wt_4,61989734,0,61989734,0.6560455,0.95593923,rnaseqcrun ,40668088,0.043103974,751514,15501,765,0.60643554,1.0,1.0,30966028,0.0011398939,33990511,0.3133542,0,27451028,1.0,285,0.34395444,0.0,0.0795764,150,120978,27431010,0.045677938,0.8763628,2.6665957,0,83509,834,0,2,0.0011108458,270,0.6560455,0.8763628,97.34714,P26wt_4,0.0011253709,748084,65.114555
N12K_1,69887834,0,69887834,0.69010514,0.95373595,rnaseqcrun ,48229954,0.045342542,967175,15500,673,0.58789045,1.0,1.0,34912764,0.0011336895,44004508,0.33661154,0,30778771,1.0,341,0.30989486,0.0,0.0948071,150,121109,30754808,0.036831643,0.8589288,3.0489109,0,69285,872,0,0,0.0011124981,324,0.69010514,0.8589288,96.96593,N12K_1,0.001123093,963073,76.66367
P26R_6,84506592,0,84506592,0.62759215,0.9527677,rnaseqcrun ,53035672,0.046304,1130100,15586,673,0.5900836,1.0,1.0,42215535,0.0011290709,41537713,0.3455859,0,37216028,1.0,357,0.37240788,0.0,0.08533861,150,121722,37188754,0.03664498,0.86742914,2.9492009,0,65300,876,0,0,0.0011313595,335,0.62759215,0.86742914,97.06675,P26R_6,0.001130215,1124627,85.8355
R146wt_3,112625400,0,112625400,0.6083553,0.9517186,rnaseqcrun ,68516256,0.047306888,692501,16059,535,0.5916102,1.0,1.0,56259760,0.0011141802,51545694,0.31610605,0,50343451,1.0,406,0.39164472,0.0,0.093178645,150,124745,50303819,0.029075714,0.85854,1.357943,0,56916,892,0,0,0.0011111371,437,0.6083553,0.85854,98.656876,R146wt_3,0.0011126588,685383,114.00572
N12wt_5,68925094,0,68925094,0.622279,0.9548059,rnaseqcrun ,42890640,0.044273686,672907,15407,760,0.6137357,1.0,1.0,34431772,0.0010997144,33211407,0.32203946,0,30651093,1.0,336,0.37772098,0.0,0.0881894,150,120602,30630984,0.0418588,0.8666165,2.1495955,0,79075,873,0,0,0.0011256726,324,0.622279,0.8666165,97.863556,N12wt_5,0.0011126916,669140,70.41105
R146fs_2,73968340,0,73968340,0.6293899,0.9535512,rnaseqcrun ,46554924,0.0455241,574380,15569,751,0.6112829,1.0,1.0,36951036,0.0011023077,36604702,0.3520937,0,32979720,1.0,352,0.37061015,0.0,0.08370702,150,121622,32955432,0.042876285,0.8698442,1.7130427,0,80578,868,0,0,0.0010676933,333,0.6293899,0.8698442,98.299,R146fs_2,0.0010849988,570690,74.06974
NA_3,54265112,0,54265112,0.7052499,0.920215,rnaseqcrun ,38270464,0.07883833,263843,15339,729,0.6128278,1.0,1.0,27107735,0.0011100771,36450434,0.3323957,0,23510558,1.0,215,0.29475012,0.0,0.0864282,150,119529,23492000,0.04038221,0.83378685,1.1106446,0,72382,858,0,0,0.0011854208,213,0.7052499,0.83378685,98.90413,NA_3,0.0011477434,260500,60.874126
S21Thet_1,58571968,0,58571968,0.66015595,0.95171547,rnaseqcrun ,38666634,0.04733778,770649,15422,763,0.6164185,1.0,1.0,29259171,0.001179936,32641762,0.3652698,0,25754180,1.0,258,0.33984405,0.0,0.09245974,150,120577,25735986,0.049883183,0.85925573,2.9073813,0,88607,848,0,0,0.0011250332,240,0.66015595,0.85925573,97.106186,S21Thet_1,0.0011524786,767488,61.44566
R146wt_6,72814742,0,72814742,0.6292174,0.95369166,rnaseqcrun ,45816306,0.045315426,360596,15584,709,0.6022163,1.0,1.0,36372456,0.0011286045,36010413,0.33794507,0,32674077,1.0,360,0.37078255,0.0,0.08273865,150,121404,32646571,0.04082002,0.87095296,1.0924778,0,72385,862,0,0,0.0011206853,335,0.6292174,0.87095296,98.91985,R146wt_6,0.0011246451,356781,73.72815
M143Vhet_6,53449034,0,53449034,0.72501385,0.94971645,rnaseqcrun ,38751290,0.04932791,284390,15136,765,0.6172402,1.0,1.0,26699886,0.0011026417,39202339,0.3536039,0,23876779,1.0,229,0.27498615,0.0,0.089235015,150,118640,23857733,0.043311864,0.8604814,1.1779826,0,82897,854,0,0,0.0011439085,218,0.72501385,0.8604814,98.8365,M143Vhet_6,0.0011232704,281077,60.463493
M143wt_4,61417224,0,61417224,0.6821604,0.9028478,rnaseqcrun ,41896396,0.096195735,332168,15272,731,0.60469717,1.0,1.0,30680184,0.0011515294,37412401,0.3253387,0,26071955,1.0,261,0.31783962,0.0,0.09158019,150,119429,26056790,0.0412486,0.8112676,1.2587386,0,78320,866,0,0,0.0012388258,233,0.6821604,0.8112676,98.75376,M143wt_4,0.0011951727,329022,65.66437
R146fs_1,86899392,0,86899392,0.6185945,0.95470184,rnaseqcrun ,53755488,0.04435138,1047136,15612,730,0.6264397,1.0,1.0,43409880,0.0011041317,41301995,0.36455673,0,38420332,1.0,370,0.38140547,0.0,0.07961133,150,122173,38389640,0.03945625,0.8750905,2.6552272,0,74743,862,0,0,0.001060673,345,0.6185945,0.8750905,97.358536,R146fs_1,0.001082402,1042393,88.216225
S21wt_2,80596210,0,80596210,0.62311435,0.94722897,rnaseqcrun ,50220652,0.05176277,480728,15955,648,0.5858986,1.0,1.0,40258818,0.0011307681,38956408,0.34777573,0,35874731,1.0,354,0.37688568,0.0,0.09488314,150,124267,35850429,0.03216031,0.8523458,1.3231839,0,60258,884,0,0,0.0011175959,334,0.62311435,0.8523458,98.69178,S21wt_2,0.0011241824,475541,80.16685
P26R_5,79280926,0,79280926,0.6277086,0.9545636,rnaseqcrun ,49765320,0.044451106,905679,15550,659,0.60756445,1.0,1.0,39602672,0.00112535,38986200,0.35392165,0,35125104,1.0,362,0.3722914,0.0,0.08147126,150,121432,35096848,0.035197128,0.8730923,2.5155985,0,63489,880,0,0,0.0011189919,338,0.6277086,0.8730923,97.49973,P26R_5,0.0011221711,900742,80.32343
P26wt_2,67008298,0,67008298,0.63818187,0.95355713,rnaseqcrun ,42763478,0.045515515,796460,15378,723,0.6207877,1.0,1.0,33473965,0.0011297266,34285160,0.3245808,0,29624297,1.0,326,0.3618182,0.0,0.08901423,150,120405,29605355,0.040253177,0.8645429,2.6197777,0,76501,835,0,0,0.0011153565,279,0.63818187,0.8645429,97.39277,P26wt_2,0.0011225418,793052,67.82425
S21Thet_2,61326780,0,61326780,0.63991266,0.95324516,rnaseqcrun ,39243784,0.045822185,438940,15449,791,0.6124328,1.0,1.0,30635710,0.0011383136,31586580,0.34918016,0,27359421,1.0,280,0.36008734,0.0,0.08398965,150,120657,27338940,0.04688836,0.86925554,1.5801781,0,84194,846,0,0,0.0011110146,275,0.63991266,0.86925554,98.43175,S21Thet_2,0.0011246614,435898,63.271626
R146fs_6,77716426,0,77716426,0.63734317,0.95454663,rnaseqcrun ,49532034,0.04453944,409122,15533,701,0.59925103,1.0,1.0,38823986,0.0011150817,39636951,0.34512055,0,34886562,1.0,355,0.36265683,0.0,0.08401357,150,121520,34861233,0.038854368,0.8705331,1.1599599,0,75958,874,0,0,0.0010772862,332,0.63734317,0.8705331,98.854416,R146fs_6,0.0010961846,404282,79.75216
M143Vhom_4,47817340,0,47817340,0.7311617,0.95057535,rnaseqcrun ,34962208,0.048489083,248333,15136,776,0.6110636,1.0,1.0,23887351,0.0010836717,36077310,0.31997,0,21403076,1.0,194,0.2688383,0.0,0.09196314,150,118209,21382455,0.041564014,0.85861224,1.1480534,0,76745,855,0,0,0.0012217016,203,0.7311617,0.85861224,98.86955,M143Vhom_4,0.0011526655,244715,53.13024
M143Vhom_2,69776972,0,69776972,0.70481104,0.9508383,rnaseqcrun ,49179584,0.04825497,372823,15256,634,0.60187036,1.0,1.0,34858152,0.0010970063,46780706,0.367885,0,31178259,1.0,356,0.29518887,0.0,0.08462578,150,119290,31153231,0.03313786,0.8662126,1.1825869,0,61267,866,0,0,0.0011317029,333,0.70481104,0.8662126,98.83082,M143Vhom_2,0.0011143518,368845,78.9688
R146fs_5,100394664,0,100394664,0.614382,0.9553493,rnaseqcrun ,61680676,0.04371285,529911,15752,643,0.5922374,1.0,1.0,50151903,0.0011154875,46977728,0.31036317,0,45087865,1.0,382,0.38561797,0.0,0.0814107,150,122852,45052389,0.031762358,0.8739386,1.1625367,0,61086,876,0,2,0.0010572013,348,0.614382,0.8739386,98.85128,R146fs_5,0.0010863446,523946,100.94529
N12K_4,51374558,0,51374558,0.72562045,0.9449584,rnaseqcrun ,37278430,0.05411147,620440,15233,731,0.60260874,1.0,1.0,25664154,0.0011493549,37785283,0.3536814,0,22506457,1.0,203,0.27437955,0.0,0.10821233,150,118845,22488612,0.0387643,0.836746,2.6848354,0,68440,864,0,0,0.0011130057,203,0.72562045,0.836746,97.330986,N12K_4,0.0011311808,617172,57.266205
delwt_1,67010412,0,67010412,0.7176578,0.9503164,rnaseqcrun ,48090542,0.048708044,386464,15606,675,0.5868532,1.0,1.0,33473915,0.0011260055,47542403,0.34597817,0,29949631,1.0,310,0.28234226,0.0,0.089282274,150,121679,29923748,0.03987641,0.86103415,1.2750291,0,72969,880,0,0,0.0011837841,269,0.7176578,0.86103415,98.744385,delwt_1,0.0011548876,380835,78.84484
P26wt_5,76029360,0,76029360,0.6177475,0.9556735,rnaseqcrun ,46966942,0.04334169,695304,15554,718,0.5971163,1.0,1.0,37978505,0.0011255677,36022231,0.31031466,0,33897691,1.0,351,0.38225257,0.0,0.07974289,150,121475,33870542,0.04215638,0.8759307,2.0115347,0,73548,851,0,1,0.0011157562,332,0.6177475,0.8759307,98.002975,P26wt_5,0.0011206624,690741,76.87052
S21Thet_3,62511728,0,62511728,0.66701466,0.9523487,rnaseqcrun ,41696240,0.04672653,386450,15454,755,0.63031584,1.0,1.0,31228303,0.0011560306,35802887,0.3276065,0,27966591,1.0,273,0.3329853,0.0,0.08767707,150,120822,27944687,0.04641346,0.86467165,1.3640469,0,79584,880,0,2,0.0011074197,247,0.66701466,0.86467165,98.65192,S21Thet_3,0.0011317218,382167,70.91937
delwt_2,71364582,0,71364582,0.71395415,0.9513307,rnaseqcrun ,50951042,0.047744762,387135,15661,653,0.5995355,1.0,1.0,35650456,0.0010818111,49802998,0.3417985,0,31947334,1.0,354,0.28604582,0.0,0.08499331,150,122354,31920628,0.039459262,0.8663374,1.1982723,0,72713,880,0,0,0.0011547831,328,0.71395415,0.8663374,98.81636,delwt_2,0.0011182864,382670,81.40064
hetdel_1,89469720,0,89469720,0.68439895,0.94572663,rnaseqcrun ,61232984,0.053326588,476426,15831,614,0.587958,1.0,1.0,44694082,0.0010961252,55008099,0.32731396,0,39832605,1.0,375,0.31560102,0.0,0.09063259,150,123195,39799715,0.031960744,0.855094,1.1828989,0,62046,888,0,0,0.0011593621,338,0.68439895,0.855094,98.831635,hetdel_1,0.0011277393,470889,98.67092
C54wt_4,59796922,0,59796922,0.6915696,0.92895496,rnaseqcrun ,41353732,0.070112176,298815,15387,714,0.5753344,1.0,1.0,29871399,0.0011582873,37883451,0.33627537,0,26136961,1.0,262,0.30843043,0.0,0.08119838,150,120134,26118780,0.036932994,0.84775656,1.131121,0,66881,877,0,0,0.0012370627,246,0.6915696,0.84775656,98.880516,C54wt_4,0.0011976745,295910,65.59448
N12K_2,62307668,0,62307668,0.69993144,0.9478075,rnaseqcrun ,43611096,0.051232684,649230,15447,697,0.6033555,1.0,1.0,31125014,0.0011392968,40902669,0.3308562,0,27494173,1.0,273,0.30006856,0.0,0.10952426,150,120378,27474061,0.03135753,0.8382833,2.3085136,0,59735,893,0,0,0.0011120558,242,0.69993144,0.8382833,97.7072,N12K_2,0.0011256768,645178,68.01611
S21wt_6,69299138,0,69299138,0.67149407,0.95490897,rnaseqcrun ,46533958,0.044196755,818101,15511,746,0.6073308,1.0,1.0,34619455,0.0011315022,40412893,0.3312576,0,30645649,1.0,338,0.32850596,0.0,0.08548311,150,120969,30624930,0.044087093,0.8694259,2.6018515,0,85554,876,0,0,0.0010934939,324,0.67149407,0.8694259,97.411255,S21wt_6,0.0011124968,814419,71.67807
M143Vhet_5,68410488,0,68410488,0.71197724,0.9486319,rnaseqcrun ,48706710,0.050450686,384570,15471,637,0.5962692,1.0,1.0,34175055,0.0010886601,47325677,0.33283275,0,30509145,1.0,334,0.28802276,0.0,0.08828621,150,120840,30483784,0.031957515,0.8603457,1.245839,0,60704,903,0,0,0.0011377542,327,0.71197724,0.8603457,98.769226,M143Vhet_5,0.0011132022,380176,78.64716
P26R_2,61175176,0,61175176,0.68533313,0.95104814,rnaseqcrun ,41925376,0.04799123,828758,15319,758,0.61332875,1.0,1.0,30559004,0.0011218657,37758174,0.33324283,0,26884633,1.0,274,0.31466684,0.0,0.093222946,150,120139,26864744,0.043770015,0.85782516,2.992608,0,80021,865,0,0,0.0011325317,246,0.68533313,0.85782516,97.02282,P26R_2,0.0011271978,824962,65.560104
S21Thom_4,57844876,0,57844876,0.69183725,0.9559294,rnaseqcrun ,40019238,0.043182407,741606,15350,803,0.6268822,1.0,1.0,28897549,0.0011284882,36688116,0.33903202,0,25558808,1.0,257,0.30816278,0.0,0.08435368,150,119900,25540124,0.050628264,0.8715758,2.821755,0,92785,864,0,0,0.0011087963,233,0.69183725,0.8715758,97.19209,S21Thom_4,0.0011186395,738400,62.693924
delwt_5,59553134,0,59553134,0.7199765,0.95458543,rnaseqcrun ,42876854,0.04446488,275696,15281,715,0.6145092,1.0,1.0,29749377,0.0011018959,42693697,0.30743545,0,26770933,1.0,267,0.28002355,0.0,0.077625684,150,119536,26745968,0.04543823,0.87695974,1.0202776,0,84049,856,0,0,0.0011054651,247,0.7199765,0.87695974,98.99466,delwt_5,0.0011036805,271872,69.26213
S21Thom_1,105401390,0,105401390,0.6463286,0.95246696,rnaseqcrun ,68123934,0.04663745,601671,15834,527,0.61040276,1.0,1.0,52656807,0.0010415717,55644739,0.32691118,0,47204138,1.0,424,0.35367137,0.0,0.094834134,150,123206,47143123,0.031803355,0.8576329,1.2601814,0,55782,877,0,4,0.0010993809,431,0.6463286,0.8576329,98.76665,S21Thom_1,0.0010704696,589460,115.115974
M143Vhet_2,54563880,0,54563880,0.7176378,0.9522499,rnaseqcrun ,39157100,0.046787363,281463,15162,754,0.6023075,1.0,1.0,27256423,0.0011178798,38708398,0.34120414,0,24456554,1.0,240,0.28236225,0.0,0.079980746,150,118826,24442217,0.045554,0.87226915,1.1384349,0,82905,854,0,0,0.001147015,233,0.7176378,0.87226915,98.87392,M143Vhet_2,0.0011324452,278536,62.591515
M143Vhom_6,75736476,0,75736476,0.7067592,0.95002025,rnaseqcrun ,53527454,0.04902092,390999,15492,619,0.58760184,1.0,1.0,37833116,0.0011135804,51208193,0.3492025,0,33864271,1.0,350,0.29324076,0.0,0.08723362,150,120878,33839629,0.03175808,0.8627867,1.142249,0,58951,899,0,0,0.0011455792,329,0.7067592,0.8627867,98.87022,M143Vhom_6,0.0011295815,386966,85.70631
C54Y_3,56874194,0,56874194,0.67979527,0.95102215,rnaseqcrun ,38662808,0.048110522,286120,15429,733,0.59669673,1.0,1.0,28413020,0.0010942399,34308988,0.36202708,0,25410929,1.0,253,0.32020473,0.0,0.07951868,150,119826,25390360,0.042839415,0.8715034,1.1143272,0,75055,868,0,0,0.0010914949,259,0.67979527,0.8715034,98.89627,C54Y_3,0.0010928675,283597,60.119232
N12wt_3,87758546,0,87758546,0.6675487,0.96091336,rnaseqcrun ,58583104,0.037964646,736849,15773,716,0.68757427,1.0,1.0,43831911,0.0011164477,50370548,0.36422315,0,39480028,1.0,390,0.3324513,0.0,0.073709965,150,123016,39453052,0.055709872,0.8872034,1.8334183,0,95286,887,0,0,0.0011583817,347,0.6675487,0.8872034,98.17888,N12wt_3,0.0011374074,732318,104.89564
C54Y_2,54866424,0,54866424,0.62271005,0.81708896,rnaseqcrun ,34165874,0.1819049,277795,15389,827,0.61480504,1.0,1.0,27407239,0.0011950362,26479835,0.3665959,0,21032292,1.0,194,0.37728995,0.0,0.076918356,150,119942,21019171,0.0477828,0.74017054,1.3043877,0,83843,857,0,0,0.0013321274,221,0.62271005,0.74017054,98.70597,C54Y_2,0.0012635808,275731,53.82957
C54Y_1,65884290,0,65884290,0.6925035,0.955091,rnaseqcrun ,45625100,0.0439696,302935,15544,680,0.57292914,1.0,1.0,32912215,0.0011271947,41904722,0.32116804,0,29652565,1.0,305,0.30749652,0.0,0.077897355,150,121345,29631393,0.03849376,0.8771937,1.0119987,0,71821,860,0,2,0.0011090809,273,0.6925035,0.8771937,99.00085,C54Y_1,0.0011181382,299264,74.73377
M143wt_3,78351086,0,78351086,0.68900275,0.95116425,rnaseqcrun ,53984116,0.047866203,425166,15437,655,0.5973513,1.0,1.0,39138857,0.001129268,49105754,0.3334402,0,35028756,1.0,358,0.31099722,0.0,0.086748,150,120551,35004805,0.033661567,0.86441624,1.2000179,0,63604,894,0,0,0.0011209651,336,0.68900275,0.86441624,98.811935,M143wt_3,0.0011251167,421169,87.25152
hetdel_3,65296030,0,65296030,0.7104995,0.9493977,rnaseqcrun ,46392798,0.049649402,369037,15413,679,0.59115803,1.0,1.0,32617939,0.001107933,44877993,0.3320506,0,29134747,1.0,306,0.28950047,0.0,0.085305996,150,120607,29108303,0.03402056,0.86409163,1.2519345,0,65058,851,0,0,0.0011546642,278,0.7104995,0.86409163,98.763664,hetdel_3,0.0011312941,364713,74.83868
N12K_5,65909810,0,65909810,0.700061,0.95479065,rnaseqcrun ,46140890,0.044289995,735197,15534,725,0.6183583,1.0,1.0,32925811,0.0011359411,43291413,0.3520762,0,29240627,1.0,296,0.29993898,0.0,0.09486181,150,121157,29219049,0.041365374,0.85992885,2.4543998,0,73881,866,0,0,0.0011041865,270,0.700061,0.85992885,97.56102,N12K_5,0.0011200646,731003,74.86767
NA_4,46233624,0,46233624,0.72000164,0.935346,rnaseqcrun ,33288284,0.063747436,248584,15091,766,0.6056315,1.0,1.0,23096727,0.0010972458,33148683,0.35929024,0,20340620,1.0,184,0.2799984,0.0,0.0935268,150,117924,20323848,0.04570729,0.84181917,1.2083355,0,86962,851,0,0,0.001187086,195,0.72000164,0.84181917,98.80849,NA_4,0.0011421614,245284,52.229946
R146wt_5,57147000,0,57147000,0.66241235,0.95196587,rnaseqcrun ,37854878,0.047097433,321111,15369,765,0.6060483,1.0,1.0,28547758,0.0011179389,32134151,0.34800234,0,25558002,1.0,245,0.33758765,0.0,0.08695779,150,119975,25532983,0.046948433,0.86500806,1.2420121,0,85373,872,0,2,0.0010850418,250,0.66241235,0.86500806,98.77378,R146wt_5,0.0011014907,317288,60.150005
NA_7,87438510,0,87438510,0.7035052,0.9551008,rnaseqcrun ,61513446,0.043955278,420224,15736,597,0.5997603,1.0,1.0,43679437,0.001096121,58290810,0.33302584,0,39343896,1.0,371,0.2964948,0.0,0.08289391,150,122504,39314260,0.033074588,0.87220687,1.0575801,0,56798,894,0,0,0.0011309147,337,0.7035052,0.87220687,98.954216,NA_7,0.0011135186,415802,101.250305
M143wt_2,72322058,0,72322058,0.70579123,0.9489104,rnaseqcrun ,51044272,0.050131373,393664,15442,645,0.58752644,1.0,1.0,36127554,0.0010964399,48693903,0.3195341,0,32264620,1.0,352,0.2942088,0.0,0.090093456,150,120388,32240581,0.03630417,0.8588169,1.2062912,0,65088,871,0,2,0.0011091047,330,0.70579123,0.8588169,98.80669,M143wt_2,0.0011027717,389668,80.32135
P26R_1,70418480,0,70418480,0.67514783,0.9547185,rnaseqcrun ,47542884,0.044341642,792194,15524,727,0.606723,1.0,1.0,35177275,0.001107963,41679246,0.33476692,0,31229545,1.0,341,0.32485217,0.0,0.08499672,150,121307,31207617,0.04156107,0.86972183,2.4756207,0,74307,853,0,0,0.0011317942,326,0.67514783,0.86972183,97.53874,P26R_1,0.0011198763,788036,77.642075
P26R_3,69079050,0,69079050,0.6329339,0.9555394,rnaseqcrun ,43722472,0.04351004,856910,15509,804,0.60337603,1.0,1.0,34507732,0.0011184305,34646066,0.354424,0,30557669,1.0,342,0.36706612,0.0,0.07978865,150,121085,30535704,0.043683782,0.8757508,2.7296548,0,79670,851,0,2,0.0011383797,328,0.6329339,0.8757508,97.28355,P26R_3,0.0011284034,853264,70.975945
S21Thom_6,64643900,0,64643900,0.65655804,0.9488922,rnaseqcrun ,42442470,0.050217513,867489,15480,689,0.57795715,1.0,1.0,32294232,0.0011321411,35517399,0.33737534,0,28286064,1.0,301,0.343442,0.0,0.09929225,150,120476,28268281,0.03295657,0.84959996,2.977402,0,61514,877,0,0,0.0011090292,268,0.65655804,0.84959996,97.03595,S21Thom_6,0.0011205837,864025,66.173546
S21Thom_5,59882712,0,59882712,0.66289836,0.9540293,rnaseqcrun ,39696150,0.045062955,756982,15413,732,0.60663253,1.0,1.0,29914954,0.0011293145,33737640,0.36501983,0,26415313,1.0,267,0.33710167,0.0,0.09439734,150,120222,26397480,0.03910797,0.859632,2.7876892,0,71567,889,0,2,0.0011085852,233,0.66289836,0.859632,97.22475,S21Thom_5,0.001118948,754014,62.653706